{"v":"5.1.7","fr":30,"ip":0,"op":900,"w":646,"h":364,"nm":"Comp 1","ddd":0,"assets":[],"layers":[{"ddd":0,"ind":1,"ty":4,"nm":"Shape Layer 3","sr":1,"ks":{"o":{"a":0,"k":100,"ix":11},"r":{"a":0,"k":0,"ix":10},"p":{"a":0,"k":[299,210,0],"ix":2},"a":{"a":0,"k":[0,0,0],"ix":1},"s":{"a":0,"k":[100,100,100],"ix":6}},"ao":0,"shapes":[{"ty":"gr","it":[{"ind":0,"ty":"sh","ix":1,"ks":{"a":0,"k":{"i":[[-61.331,0],[0,0],[-6.823,11.697],[-8.46,3.172],[-1.07,2.814],[0.553,-1.78],[-3.65,-10.322],[0.439,1.196],[0,0],[-4,-0.5],[0.204,0.797],[0,0],[-4.5,5],[0,0],[0,0],[-0.281,0.699],[-1.831,-0.131],[0,0],[-1,0.5],[8.444,28.008],[-1.407,7.245],[-1.1,2.732],[-4.026,3.585],[-2.192,-1.411],[-0.303,-1.219],[-7.5,-9.5],[-3.734,3.453],[0.115,-0.354],[-2.026,1.597],[0.658,0.538],[-1.994,0.763],[-1.405,-0.291],[-1.998,-5.751],[-0.529,-1.856],[-0.278,-0.895],[1.679,-2.691],[-4,-1],[0,0],[-5.5,-1.5],[-6.5,0.5],[-3.319,9.561],[-7.5,-2],[0,0],[0,0],[-2,1.5],[0,0],[-2,0],[0,0],[0,0],[-2.5,0],[0,0],[0,0],[-3.932,-3.089],[0,0],[0,0],[-3.5,3],[0,0],[-4,1],[0,0],[0,0],[-3.5,-3],[-3,0.5],[-2,-1.5],[0,0],[0,2],[0.836,4.591],[8.262,11.737],[4.696,6.107],[0.195,-0.172],[0.615,0.899],[0.717,2.533],[0.804,2.556],[-3.455,4.265],[-3.323,0.14],[0,0],[4.5,-2],[-10.821,6.283],[-3.314,-0.39],[2.73,-10.396],[2.595,-3.613],[-5.5,-2],[0,0],[-2.5,0.5],[0,0],[0,0],[-2,1],[0,0],[-5,7],[0,0],[0,0],[-5,-3],[0,0],[0,0]],"o":[[31.723,0],[0,0],[7.402,-12.689],[5.095,-6.701],[1.07,-2.814],[3.697,-1.076],[9.328,26.38],[0,0],[0,0],[1.986,2.234],[-0.204,-0.797],[0,0],[4.5,-5],[0,0],[0,0],[0.281,-0.699],[7,0.5],[0,0],[3.605,-1.803],[-1.398,-4.636],[1.407,-7.245],[1.629,-4.046],[6.549,-5.832],[4.592,2.956],[0.303,1.219],[0,0],[6.621,-6.124],[-0.063,0.197],[2.027,-1.597],[-0.78,-0.637],[5.032,-1.925],[9.132,1.889],[0.625,1.798],[4.116,14.442],[0.202,0.649],[-1.679,2.691],[4,1],[0,0],[5.5,1.5],[3.059,-0.235],[3.735,-10.758],[7.5,2],[0,0],[0,0],[2,-1.5],[0,0],[2,0],[0,0],[0,0],[2.5,0],[0,0],[0,0],[7,5.5],[0,0],[0,0],[3.5,-3],[0,0],[4,-1],[0,0],[0,0],[3.5,3],[3,-0.5],[2,1.5],[0,0],[0,-0.498],[-0.837,-4.591],[-4.03,-5.725],[-1.036,-1.348],[-0.195,0.172],[-0.409,-0.597],[-0.115,-0.406],[-0.804,-2.556],[2.557,-3.157],[12.522,-0.529],[0,0],[-2.745,1.22],[9.585,-5.566],[3.853,0.453],[-0.855,3.257],[-4.405,6.131],[5.5,2],[0,0],[2.5,-0.5],[0,0],[0,0],[2,-1],[0,0],[5,-7],[0,0],[0,0],[5,3],[0,0],[0,0]],"v":[[-476.615,-3.701],[-431.146,-2.644],[-423.629,-14.333],[-404.095,3.201],[-394.789,-19.407],[-386.697,-39.924],[-374.5,-34.5],[-365,-4],[-343.5,-4],[-335.5,23.5],[-330.296,12.297],[-317.5,-105.5],[-304,12.5],[-295.5,-4.5],[-278,-4.5],[-275.781,-15.801],[-269.5,-23.5],[-260,-4.5],[-218,-4.5],[-267.102,-69.864],[-267.907,-77.755],[-265,-85.5],[-258.974,-92.085],[-237.06,-97.189],[-223.803,-87.719],[-210.5,-72.5],[-195.121,-88.376],[-186.704,-94.917],[-184.527,-94.403],[-185.22,-95.363],[-181.032,-97.575],[-172.5,-98.5],[-156.795,-84.05],[-156.116,-81.442],[-160.475,-56.525],[-172.821,-38.691],[-195.5,-5.5],[-147,-5],[-134,-22],[-119,2.5],[-111.178,-15.888],[-98,-38],[-82.001,-7],[-57.5,-7.5],[-49,14.5],[-30,-119],[-19.5,7],[-8.5,-6.5],[7,-7.5],[17.5,-27],[27,-6],[77.5,-6.5],[90,-28],[101,-6.5],[118,-7],[127.5,18],[147.5,-118.5],[160.5,26.5],[171.5,-6.5],[190,-6.5],[205,-41],[223,-2],[235.5,-26],[246,-7],[276,-6.5],[277.837,-7.409],[257.79,-31.795],[240.599,-52.428],[234.695,-61.172],[230,-68.5],[227.217,-75.967],[227.804,-84.944],[235.386,-98.531],[247.601,-103.385],[266.5,-99.5],[287.5,-70.5],[312.415,-102.934],[332.5,-103.5],[345.355,-74.257],[324.405,-41.631],[303,-6],[353,-5],[365,-27],[376.5,-6],[393,-6.5],[402.5,15.5],[417.5,-117.5],[429,18.5],[440.5,-7.5],[453,-8],[464.5,-28],[473,-6.5],[503,-6.5]],"c":false},"ix":2},"nm":"Path 1","mn":"ADBE Vector Shape - Group","hd":false},{"ty":"tm","s":{"a":0,"k":0,"ix":1},"e":{"a":1,"k":[{"i":{"x":[0.833],"y":[0.833]},"o":{"x":[0.167],"y":[0.167]},"n":["0p833_0p833_0p167_0p167"],"t":0,"s":[0],"e":[100]},{"t":108}],"ix":2},"o":{"a":0,"k":0,"ix":3},"m":1,"ix":2,"nm":"Trim Paths 1","mn":"ADBE Vector Filter - Trim","hd":false},{"ty":"st","c":{"a":0,"k":[0.949019610882,0.107927717268,0.107927717268,1],"ix":3},"o":{"a":0,"k":100,"ix":4},"w":{"a":0,"k":6,"ix":5},"lc":1,"lj":1,"ml":4,"nm":"Stroke 1","mn":"ADBE Vector Graphic - Stroke","hd":false},{"ty":"tr","p":{"a":0,"k":[159,8],"ix":2},"a":{"a":0,"k":[0,0],"ix":1},"s":{"a":0,"k":[100,100],"ix":3},"r":{"a":0,"k":0,"ix":6},"o":{"a":0,"k":100,"ix":7},"sk":{"a":0,"k":0,"ix":4},"sa":{"a":0,"k":0,"ix":5},"nm":"Transform"}],"nm":"Shape 1","np":3,"cix":2,"ix":1,"mn":"ADBE Vector Group","hd":false}],"ip":0,"op":900.900900900901,"st":0,"bm":0},{"ddd":0,"ind":2,"ty":4,"nm":"Shape Layer 2","sr":1,"ks":{"o":{"a":0,"k":100,"ix":11},"r":{"a":0,"k":0,"ix":10},"p":{"a":0,"k":[323,182,0],"ix":2},"a":{"a":0,"k":[0,0,0],"ix":1},"s":{"a":0,"k":[100,100,100],"ix":6}},"ao":0,"shapes":[{"ty":"gr","it":[{"ty":"st","c":{"a":0,"k":[0.96470600203,0.022699000789,0.022699000789,1],"ix":3},"o":{"a":0,"k":100,"ix":4},"w":{"a":0,"k":6,"ix":5},"lc":1,"lj":1,"ml":4,"nm":"Stroke 1","mn":"ADBE Vector Graphic - Stroke","hd":false},{"ty":"fl","c":{"a":0,"k":[0.972549019608,0.942038023706,0.942038023706,1],"ix":4},"o":{"a":0,"k":100,"ix":5},"r":1,"nm":"Fill 1","mn":"ADBE Vector Graphic - Fill","hd":false},{"ty":"tr","p":{"a":0,"k":[0,0],"ix":2},"a":{"a":0,"k":[0,0],"ix":1},"s":{"a":0,"k":[100,100],"ix":3},"r":{"a":0,"k":0,"ix":6},"o":{"a":0,"k":100,"ix":7},"sk":{"a":0,"k":0,"ix":4},"sa":{"a":0,"k":0,"ix":5},"nm":"Transform"}],"nm":"Shape 2","np":2,"cix":2,"ix":1,"mn":"ADBE Vector Group","hd":false},{"ty":"gr","it":[{"ty":"st","c":{"a":0,"k":[0.96470600203,0.022699000789,0.022699000789,1],"ix":3},"o":{"a":0,"k":100,"ix":4},"w":{"a":0,"k":6,"ix":5},"lc":1,"lj":1,"ml":4,"nm":"Stroke 1","mn":"ADBE Vector Graphic - Stroke","hd":false},{"ty":"fl","c":{"a":0,"k":[0.972549019608,0.942038023706,0.942038023706,1],"ix":4},"o":{"a":0,"k":100,"ix":5},"r":1,"nm":"Fill 1","mn":"ADBE Vector Graphic - Fill","hd":false},{"ty":"tr","p":{"a":0,"k":[0,0],"ix":2},"a":{"a":0,"k":[0,0],"ix":1},"s":{"a":0,"k":[100,100],"ix":3},"r":{"a":0,"k":0,"ix":6},"o":{"a":0,"k":100,"ix":7},"sk":{"a":0,"k":0,"ix":4},"sa":{"a":0,"k":0,"ix":5},"nm":"Transform"}],"nm":"Shape 1","np":2,"cix":2,"ix":2,"mn":"ADBE Vector Group","hd":false}],"ip":0,"op":900.900900900901,"st":0,"bm":0}],"markers":[]}